{
  "name": "Filecoin - Calibration testnet",
  "chain": "FIL",
  "icon": "filecoin",
  "rpc": ["https://api.calibration.node.glif.io/rpc/v1"],
  "faucets": ["https://faucet.calibration.fildev.network/"],
  "nativeCurrency": {
    "name": "testnet filecoin",
    "symbol": "tFIL",
    "decimals": 18
  },
  "infoURL": "https://filecoin.io",
  "shortName": "filecoin-calibration",
  "chainId": 314159,
  "networkId": 314159,
  "slip44": 1,
  "explorers": [
    {
      "name": "Filscan - Calibration",
      "url": "https://calibration.filscan.io",
      "standard": "none"
    },
    {
      "name": "Filscout - Calibration",
      "url": "https://calibration.filscout.com/en",
      "standard": "none"
    },
    {
      "name": "Filfox - Calibration",
      "url": "https://calibration.filfox.info",
      "standard": "none"
    }
  ]
}
