{
  "name": "Bitcichain Testnet",
  "chain": "TBITCI",
  "icon": "bitci",
  "rpc": ["https://testnet.bitcichain.com"],
  "faucets": ["https://faucet.bitcichain.com"],
  "nativeCurrency": {
    "name": "Test Bitci",
    "symbol": "TBITCI",
    "decimals": 18
  },
  "infoURL": "https://www.bitcichain.com",
  "shortName": "tbitci",
  "chainId": 1908,
  "networkId": 1908,
  "explorers": [
    {
      "name": "Bitci Explorer Testnet",
      "url": "https://testnet.bitciexplorer.com",
      "standard": "EIP3091"
    }
  ]
}
