{
  "name": "Zhejiang",
  "chain": "ETH",
  "rpc": ["https://rpc.zhejiang.ethpandaops.io"],
  "faucets": [
    "https://faucet.zhejiang.ethpandaops.io",
    "https://zhejiang-faucet.pk910.de"
  ],
  "nativeCurrency": {
    "name": "Testnet ETH",
    "symbol": "ETH",
    "decimals": 18
  },
  "infoURL": "https://zhejiang.ethpandaops.io",
  "shortName": "zhejiang",
  "chainId": 1337803,
  "networkId": 1337803,
  "icon": "ethereum",
  "explorers": [
    {
      "name": "Zhejiang Explorer",
      "url": "https://zhejiang.beaconcha.in",
      "icon": "ethereum",
      "standard": "EIP3091"
    }
  ]
}
