{
  "name": "Dogechain Mainnet",
  "chain": "DC",
  "icon": "dogechain",
  "rpc": [
    "https://rpc.dogechain.dog",
    "https://rpc-us.dogechain.dog",
    "https://rpc01.dogechain.dog"
  ],
  "faucets": [],
  "nativeCurrency": {
    "name": "Dogecoin",
    "symbol": "DOGE",
    "decimals": 18
  },
  "infoURL": "https://dogechain.dog",
  "shortName": "dc",
  "chainId": 2000,
  "networkId": 2000,
  "explorers": [
    {
      "name": "dogechain explorer",
      "url": "https://explorer.dogechain.dog",
      "standard": "EIP3091"
    }
  ]
}
