{
  "name": "HAPchain Testnet",
  "chain": "HAPchain",
  "rpc": ["https://jsonrpc-test.hap.land"],
  "faucets": [],
  "nativeCurrency": {
    "name": "HAP",
    "symbol": "HAP",
    "decimals": 18
  },
  "infoURL": "https://hap.land",
  "shortName": "hap-testnet",
  "chainId": 373737,
  "networkId": 373737,
  "icon": "hap",
  "explorers": [
    {
      "name": "HAP EVM Explorer (Blockscout)",
      "url": "https://blockscout-test.hap.land",
      "standard": "none",
      "icon": "hap"
    }
  ]
}
