{
  "name": "AIOZ Network Testnet",
  "chain": "AIOZ",
  "icon": "aioz",
  "rpc": ["https://eth-ds.testnet.aioz.network"],
  "faucets": [],
  "nativeCurrency": {
    "name": "testAIOZ",
    "symbol": "AIOZ",
    "decimals": 18
  },
  "infoURL": "https://aioz.network",
  "shortName": "aioz-testnet",
  "chainId": 4102,
  "networkId": 4102,
  "slip44": 60,
  "explorers": [
    {
      "name": "AIOZ Network Testnet Explorer",
      "url": "https://testnet.explorer.aioz.network",
      "standard": "EIP3091"
    }
  ]
}
