{
  "name": "Fantom Opera",
  "chain": "FTM",
  "rpc": ["https://rpc.ftm.tools", "https://fantom.publicnode.com"],
  "faucets": ["https://free-online-app.com/faucet-for-eth-evm-chains/"],
  "nativeCurrency": {
    "name": "Fantom",
    "symbol": "FTM",
    "decimals": 18
  },
  "infoURL": "https://fantom.foundation",
  "shortName": "ftm",
  "chainId": 250,
  "networkId": 250,
  "icon": "fantom",
  "explorers": [
    {
      "name": "ftmscan",
      "url": "https://ftmscan.com",
      "icon": "ftmscan",
      "standard": "EIP3091"
    }
  ]
}
