{
  "name": "Lightlink Pegasus Testnet",
  "chain": "Lightlink Pegasus Testnet",
  "icon": "lightlink",
  "rpc": [
    "https://replicator-01.pegasus.lightlink.io/rpc/v1",
    "https://replicator-02.pegasus.lightlink.io/rpc/v1"
  ],
  "features": [
    {
      "name": "EIP155"
    }
  ],
  "faucets": ["https://pegasus-faucet-react.vercel.app"],
  "nativeCurrency": {
    "name": "Ethereum",
    "symbol": "ETH",
    "decimals": 18
  },
  "infoURL": "https://lightlink.io",
  "shortName": "lightlink_pegasus",
  "chainId": 1891,
  "networkId": 1891,
  "explorers": [
    {
      "name": "pegasus",
      "url": "https://pegasus.lightlink.io",
      "icon": "lightlink",
      "standard": "EIP3091"
    }
  ]
}
