{
  "name": "CENNZnet Nikau",
  "chain": "CENNZnet",
  "rpc": ["https://nikau.centrality.me/public"],
  "faucets": ["https://app-faucet.centrality.me"],
  "nativeCurrency": {
    "name": "CPAY",
    "symbol": "CPAY",
    "decimals": 18
  },
  "infoURL": "https://cennz.net",
  "shortName": "cennz-n",
  "chainId": 3001,
  "networkId": 3001,
  "icon": "cennz",
  "explorers": [
    {
      "name": "UNcover",
      "url": "https://www.uncoverexplorer.com/?network=Nikau",
      "standard": "none"
    }
  ]
}
