{
  "name": "Aves Mainnet",
  "chain": "AVS",
  "rpc": ["https://rpc.avescoin.io"],
  "faucets": [],
  "nativeCurrency": {
    "name": "Aves",
    "symbol": "AVS",
    "decimals": 18
  },
  "features": [{ "name": "EIP155" }, { "name": "EIP1559" }],
  "infoURL": "https://avescoin.io",
  "shortName": "avs",
  "chainId": 33333,
  "networkId": 33333,
  "icon": "aves",
  "explorers": [
    {
      "name": "avescan",
      "url": "https://avescan.io",
      "icon": "avescan",
      "standard": "EIP3091"
    }
  ]
}
