{
  "name": "Ctex Scan Blockchain",
  "chain": "Ctex Scan Blockchain",
  "icon": "ctex",
  "rpc": ["https://mainnet-rpc.ctexscan.com/"],
  "faucets": ["https://faucet.ctexscan.com"],
  "nativeCurrency": {
    "name": "CTEX",
    "symbol": "CTEX",
    "decimals": 18
  },
  "infoURL": "https://ctextoken.io",
  "shortName": "CTEX",
  "chainId": 1455,
  "networkId": 1455,
  "explorers": [
    {
      "name": "Ctex Scan Explorer",
      "url": "https://ctexscan.com",
      "standard": "none"
    }
  ]
}
