{
  "name": "CIC Chain Testnet",
  "chain": "CICT",
  "rpc": ["https://testapi.cicscan.com"],
  "faucets": ["https://cicfaucet.com"],
  "nativeCurrency": {
    "name": "Crazy Internet Coin",
    "symbol": "CICT",
    "decimals": 18
  },
  "infoURL": "https://www.cicchain.net",
  "shortName": "CICT",
  "chainId": 1252,
  "networkId": 1252,
  "icon": "cicchain",
  "explorers": [
    {
      "name": "CICscan",
      "url": "https://testnet.cicscan.com",
      "icon": "cicchain",
      "standard": "EIP3091"
    }
  ]
}
