{
  "name": "Anytype EVM Chain",
  "chain": "ETH",
  "icon": "any",
  "rpc": ["https://geth.anytype.io"],
  "faucets": ["https://evm.anytype.io/faucet"],
  "nativeCurrency": {
    "name": "ANY",
    "symbol": "ANY",
    "decimals": 18
  },
  "infoURL": "https://evm.anytype.io",
  "shortName": "AnytypeChain",
  "chainId": 1701,
  "networkId": 1701,
  "explorers": [
    {
      "name": "Anytype Explorer",
      "url": "https://explorer.anytype.io",
      "icon": "any",
      "standard": "EIP3091"
    }
  ]
}
