{
  "name": "Quadrans Blockchain Testnet",
  "chain": "tQDC",
  "icon": "quadrans",
  "rpc": ["https://rpctest.quadrans.io", "https://rpctest2.quadrans.io"],
  "faucets": ["https://faucetpage.quadrans.io"],
  "nativeCurrency": {
    "name": "Quadrans Testnet Coin",
    "symbol": "tQDC",
    "decimals": 18
  },
  "infoURL": "https://quadrans.io",
  "shortName": "quadranstestnet",
  "chainId": 10947,
  "networkId": 10947,
  "explorers": [
    {
      "name": "explorer",
      "url": "https://explorer.testnet.quadrans.io",
      "icon": "quadrans",
      "standard": "EIP3091"
    }
  ]
}
