{
  "name": "PandoProject Mainnet",
  "chain": "PandoProject",
  "icon": "pando",
  "rpc": ["https://eth-rpc-api.pandoproject.org/rpc"],
  "faucets": [],
  "nativeCurrency": {
    "name": "pando-token",
    "symbol": "PTX",
    "decimals": 18
  },
  "infoURL": "https://www.pandoproject.org/",
  "shortName": "pando-mainnet",
  "chainId": 3601,
  "networkId": 3601,
  "explorers": [
    {
      "name": "Pando Mainnet Explorer",
      "url": "https://explorer.pandoproject.org",
      "standard": "none"
    }
  ]
}
