{
  "name": "Hertz Network Mainnet",
  "chain": "HTZ",
  "rpc": ["https://mainnet-rpc.hertzscan.com"],
  "faucets": [],
  "nativeCurrency": {
    "name": "Hertz",
    "symbol": "HTZ",
    "decimals": 18
  },
  "features": [{ "name": "EIP155" }, { "name": "EIP1559" }],
  "infoURL": "https://www.hertz-network.com",
  "shortName": "HTZ",
  "chainId": 26600,
  "networkId": 26600,
  "icon": "hertz-network",
  "explorers": [
    {
      "name": "Hertz Scan",
      "url": "https://hertzscan.com",
      "icon": "hertz-network",
      "standard": "EIP3091"
    }
  ]
}
