{
  "name": "T-EKTA",
  "title": "EKTA Testnet T-EKTA",
  "chain": "T-EKTA",
  "rpc": ["https://test.ekta.io:8545"],
  "faucets": [],
  "nativeCurrency": {
    "name": "T-EKTA",
    "symbol": "T-EKTA",
    "decimals": 18
  },
  "infoURL": "https://www.ekta.io",
  "shortName": "t-ekta",
  "chainId": 1004,
  "networkId": 1004,
  "icon": "ekta",
  "explorers": [
    {
      "name": "test-ektascan",
      "url": "https://test.ektascan.io",
      "icon": "ekta",
      "standard": "EIP3091"
    }
  ]
}
