{
  "name": "CryptoCoinPay",
  "chain": "CCP",
  "rpc": [
    "http://node106.cryptocoinpay.info:8545",
    "ws://node106.cryptocoinpay.info:8546"
  ],
  "faucets": [],
  "icon": "ccp",
  "nativeCurrency": {
    "name": "CryptoCoinPay",
    "symbol": "CCP",
    "decimals": 18
  },
  "infoURL": "https://www.cryptocoinpay.co",
  "shortName": "CCP",
  "chainId": 10823,
  "networkId": 10823,
  "explorers": [
    {
      "name": "CCP Explorer",
      "url": "https://cryptocoinpay.info",
      "standard": "EIP3091"
    }
  ]
}
