{
  "name": "Hedera Previewnet",
  "chain": "Hedera",
  "icon": "hedera",
  "rpc": ["https://previewnet.hashio.io/api"],
  "features": [{ "name": "EIP155" }, { "name": "EIP1559" }],
  "faucets": ["https://portal.hedera.com"],
  "nativeCurrency": {
    "name": "hbar",
    "symbol": "HBAR",
    "decimals": 8
  },
  "infoURL": "https://hedera.com",
  "shortName": "hedera-previewnet",
  "chainId": 297,
  "networkId": 297,
  "slip44": 3030,
  "explorers": [
    {
      "name": "HashScan",
      "url": "https://hashscan.io/previewnet/dashboard",
      "standard": "none"
    }
  ]
}
