{
  "name": "Omax Mainnet",
  "chain": "OMAX Chain",
  "rpc": ["https://mainapi.omaxray.com"],
  "faucets": ["https://faucet.omaxray.com/"],
  "nativeCurrency": {
    "name": "OMAX COIN",
    "symbol": "OMAX",
    "decimals": 18
  },
  "infoURL": "https://www.omaxcoin.com/",
  "shortName": "omax",
  "chainId": 311,
  "networkId": 311,
  "icon": "omaxchain",
  "explorers": [
    {
      "name": "Omax Chain Explorer",
      "url": "https://omaxray.com",
      "icon": "omaxray",
      "standard": "EIP3091"
    }
  ]
}
