{
  "name": "Filecoin - Hyperspace testnet",
  "chain": "FIL",
  "icon": "filecoin",
  "rpc": [
    "https://api.hyperspace.node.glif.io/rpc/v1",
    "https://rpc.ankr.com/filecoin_testnet",
    "https://filecoin-hyperspace.chainstacklabs.com/rpc/v1"
  ],
  "faucets": ["https://hyperspace.yoga/#faucet"],
  "nativeCurrency": {
    "name": "testnet filecoin",
    "symbol": "tFIL",
    "decimals": 18
  },
  "infoURL": "https://filecoin.io",
  "shortName": "filecoin-hyperspace",
  "chainId": 3141,
  "networkId": 3141,
  "slip44": 1,
  "explorers": [
    {
      "name": "Filfox - Hyperspace",
      "url": "https://hyperspace.filfox.info/en",
      "standard": "none"
    },
    {
      "name": "Glif Explorer - Hyperspace",
      "url": "https://explorer.glif.io/?network=hyperspace",
      "standard": "none"
    },
    {
      "name": "Beryx",
      "url": "https://beryx.zondax.ch",
      "standard": "none"
    },
    {
      "name": "Dev.storage",
      "url": "https://dev.storage",
      "standard": "none"
    },
    {
      "name": "Filscan - Hyperspace",
      "url": "https://hyperspace.filscan.io",
      "standard": "none"
    }
  ]
}
