{
  "name": "Saakuru Testnet",
  "chain": "Saakuru",
  "icon": "saakuru",
  "rpc": ["https://rpc-testnet.saakuru.network"],
  "faucets": [],
  "nativeCurrency": {
    "name": "OAS",
    "symbol": "OAS",
    "decimals": 18
  },
  "infoURL": "https://saakuru.network",
  "shortName": "saakuru-testnet",
  "chainId": 247253,
  "networkId": 247253,
  "explorers": [
    {
      "name": "saakuru-explorer-testnet",
      "url": "https://explorer-testnet.saakuru.network",
      "standard": "EIP3091"
    }
  ]
}
