{
  "name": "HUMAN Protocol",
  "title": "HUMAN Protocol",
  "chain": "wan-red-ain",
  "rpc": ["https://mainnet.skalenodes.com/v1/wan-red-ain"],
  "faucets": ["https://dashboard.humanprotocol.org/faucet"],
  "nativeCurrency": {
    "name": "sFUEL",
    "symbol": "sFUEL",
    "decimals": 18
  },
  "infoURL": "https://www.humanprotocol.org",
  "shortName": "human-mainnet",
  "chainId": 1273227453,
  "networkId": 1273227453,
  "explorers": [
    {
      "name": "Blockscout",
      "url": "https://wan-red-ain.explorer.mainnet.skalenodes.com",
      "icon": "human",
      "standard": "EIP3091"
    }
  ]
}
