{
  "name": "Alyx Chain Testnet",
  "chain": "Alyx Chain Testnet",
  "rpc": ["https://testnet-rpc.alyxchain.com"],
  "faucets": ["https://faucet.alyxchain.com"],
  "nativeCurrency": {
    "name": "Alyx Testnet Native Token",
    "symbol": "ALYX",
    "decimals": 18
  },
  "infoURL": "https://www.alyxchain.com",
  "shortName": "AlyxTestnet",
  "chainId": 135,
  "networkId": 135,
  "explorers": [
    {
      "name": "alyx testnet scan",
      "url": "https://testnet.alyxscan.com",
      "standard": "EIP3091"
    }
  ],
  "icon": "alyx"
}
