{
  "name": "Polygon zkEVM Testnet old",
  "title": "Polygon zkEVM Testnet",
  "chain": "Polygon",
  "rpc": [],
  "faucets": [],
  "nativeCurrency": {
    "name": "Ether",
    "symbol": "ETH",
    "decimals": 18
  },
  "infoURL": "https://polygon.technology/solutions/polygon-zkevm/",
  "shortName": "zkevmtest",
  "chainId": 1402,
  "networkId": 1402,
  "explorers": [
    {
      "name": "blockscout",
      "url": "https://explorer.public.zkevm-test.net",
      "standard": "EIP3091"
    }
  ],
  "status": "deprecated"
}
