{
  "name": "Polygon Mainnet",
  "chain": "Polygon",
  "icon": "polygon",
  "rpc": [
    "https://polygon-rpc.com/",
    "https://rpc-mainnet.matic.network",
    "https://matic-mainnet.chainstacklabs.com",
    "https://rpc-mainnet.maticvigil.com",
    "https://rpc-mainnet.matic.quiknode.pro",
    "https://matic-mainnet-full-rpc.bwarelabs.com",
    "https://polygon-bor.publicnode.com"
  ],
  "faucets": [],
  "nativeCurrency": {
    "name": "MATIC",
    "symbol": "MATIC",
    "decimals": 18
  },
  "infoURL": "https://polygon.technology/",
  "shortName": "matic",
  "chainId": 137,
  "networkId": 137,
  "slip44": 966,
  "explorers": [
    {
      "name": "polygonscan",
      "url": "https://polygonscan.com",
      "standard": "EIP3091"
    }
  ]
}
